{
    "0": {
        "precision": 0.9303482587064676,
        "recall": 0.597444089456869,
        "f1-score": 0.7276264591439688
    },
    "1": {
        "precision": 0.10954063604240283,
        "recall": 0.5254237288135594,
        "f1-score": 0.18128654970760233
    },
    "macro avg": {
        "precision": 0.5199444473744352,
        "recall": 0.5614339091352142,
        "f1-score": 0.45445650442578556
    }
}