{
    "0": {
        "precision": 0.958656330749354,
        "recall": 0.7464788732394366,
        "f1-score": 0.8393665158371041
    },
    "1": {
        "precision": 0.36363636363636365,
        "recall": 0.8181818181818182,
        "f1-score": 0.5034965034965035
    },
    "macro avg": {
        "precision": 0.6611463471928588,
        "recall": 0.7823303457106274,
        "f1-score": 0.6714315096668038
    }
}