{
    "0": {
        "precision": 0.9123376623376623,
        "recall": 0.9590443686006825,
        "f1-score": 0.9351081530782029
    },
    "1": {
        "precision": 0.7798165137614679,
        "recall": 0.6115107913669064,
        "f1-score": 0.6854838709677419
    },
    "macro avg": {
        "precision": 0.8460770880495652,
        "recall": 0.7852775799837945,
        "f1-score": 0.8102960120229724
    }
}