{
    "0": {
        "precision": 0.9011532125205931,
        "recall": 0.9334470989761092,
        "f1-score": 0.9170159262363788
    },
    "1": {
        "precision": 0.6694915254237288,
        "recall": 0.5683453237410072,
        "f1-score": 0.6147859922178989
    },
    "macro avg": {
        "precision": 0.7853223689721609,
        "recall": 0.7508962113585582,
        "f1-score": 0.7659009592271389
    }
}