{
    "0": {
        "precision": 0.9151873767258383,
        "recall": 0.9336016096579477,
        "f1-score": 0.9243027888446215
    },
    "1": {
        "precision": 0.5769230769230769,
        "recall": 0.5113636363636364,
        "f1-score": 0.5421686746987951
    },
    "macro avg": {
        "precision": 0.7460552268244576,
        "recall": 0.722482623010792,
        "f1-score": 0.7332357317717083
    }
}