{
    "0": {
        "precision": 0.9501133786848073,
        "recall": 0.8430583501006036,
        "f1-score": 0.8933901918976546
    },
    "1": {
        "precision": 0.4583333333333333,
        "recall": 0.75,
        "f1-score": 0.5689655172413793
    },
    "macro avg": {
        "precision": 0.7042233560090703,
        "recall": 0.7965291750503019,
        "f1-score": 0.7311778545695169
    }
}