{
    "0": {
        "precision": 0.9384615384615385,
        "recall": 0.8327645051194539,
        "f1-score": 0.8824593128390597
    },
    "1": {
        "precision": 0.5219512195121951,
        "recall": 0.7697841726618705,
        "f1-score": 0.622093023255814
    },
    "macro avg": {
        "precision": 0.7302063789868668,
        "recall": 0.8012743388906622,
        "f1-score": 0.7522761680474368
    }
}