{
    "0": {
        "precision": 0.932475884244373,
        "recall": 0.46325878594249204,
        "f1-score": 0.6189967982924226
    },
    "1": {
        "precision": 0.10160427807486631,
        "recall": 0.6440677966101694,
        "f1-score": 0.17551963048498845
    },
    "macro avg": {
        "precision": 0.5170400811596196,
        "recall": 0.5536632912763307,
        "f1-score": 0.3972582143887055
    }
}