{
    "0": {
        "precision": 0.9215686274509803,
        "recall": 0.6757188498402555,
        "f1-score": 0.7797235023041474
    },
    "1": {
        "precision": 0.10176991150442478,
        "recall": 0.3898305084745763,
        "f1-score": 0.16140350877192983
    },
    "macro avg": {
        "precision": 0.5116692694777025,
        "recall": 0.5327746791574159,
        "f1-score": 0.4705635055380386
    }
}