{
    "0": {
        "precision": 0.9605911330049262,
        "recall": 0.7847082494969819,
        "f1-score": 0.8637873754152824
    },
    "1": {
        "precision": 0.4022346368715084,
        "recall": 0.8181818181818182,
        "f1-score": 0.5393258426966292
    },
    "macro avg": {
        "precision": 0.6814128849382173,
        "recall": 0.8014450338394001,
        "f1-score": 0.7015566090559557
    }
}